,Country,Total Cases,Total Deaths,New Deaths,Total Recovered,Active Cases,"Serious, Critical",Tot Cases/ 1M pop,Deaths/ 1M pop,Total Tests,Tests/ 1M pop,Population,Alpha3 code,Region,Area (sq. mi.),Pop. Density (per sq. mi.),Coastline (coast/area ratio),Net migration,Infant mortality (per 1000 births),GDP ($ per capita),Literacy (%),Phones (per 1000),Arable (%),Crops (%),Other (%),Climate,Birthrate,Deathrate,Agriculture,Industry,Service,Continent
0,USA,98166904.0,1084282.0,,94962112.0,2120510.0,2970.0,293206.0,3239.0,1118158870.0,3339729.0,334805269.0,USA,Northern America,9631420,31.0,0.21,3.41,6.5,37800.0,97.0,898.0,19.13,0.22,80.65,3.0,14.14,8.26,0.01,0.204,0.787,North America
1,India,44587307.0,528629.0,,44019095.0,39583.0,698.0,31698.0,376.0,894416853.0,635857.0,1406631776.0,IND,Asia (Ex. Near East),3287590,333.2,0.21,-0.07,56.29,2900.0,59.5,45.4,54.4,2.74,42.86,2.5,22.01,8.18,0.186,0.276,0.538,Asia
2,France,35342950.0,155078.0,,34527115.0,660757.0,869.0,538892.0,2365.0,271490188.0,4139547.0,65584518.0,FRA,Western Europe,547030,111.3,0.63,0.66,4.26,27600.0,99.0,586.4,33.53,2.07,64.4,4.0,11.99,9.14,0.022,0.214,0.764,Europe
3,Brazil,34706757.0,686027.0,,33838636.0,182094.0,8318.0,161162.0,3186.0,63776166.0,296146.0,215353593.0,BRA,Latin Amer. & Carib,8511965,22.1,0.09,-0.03,29.61,7600.0,86.4,225.3,6.96,0.9,92.15,2.0,16.56,6.17,0.084,0.4,0.516,South America
4,Germany,33312373.0,149948.0,,32315200.0,847225.0,1406.0,397126.0,1788.0,122332384.0,1458359.0,83883596.0,DEU,Western Europe,357021,230.9,0.67,2.18,4.16,27600.0,99.0,667.9,33.85,0.59,65.56,3.0,8.25,10.62,0.009,0.296,0.695,Europe
5,South Korea,24769101.0,28406.0,42.0,24013461.0,727234.0,352.0,482547.0,553.0,15804065.0,307892.0,51329899.0,KOR,Asia (Ex. Near East),98480,496.0,2.45,0.0,7.05,17800.0,97.9,486.1,17.18,1.95,80.87,3.0,10.0,5.85,0.033,0.403,0.563,Asia
6,United Kingdom,23621952.0,189919.0,,23347871.0,84162.0,146.0,344857.0,2773.0,522526476.0,7628357.0,68497907.0,GBR,Western Europe,244820,247.6,5.08,2.19,5.16,27700.0,99.0,543.5,23.46,0.21,76.33,3.0,10.71,10.13,0.005,0.237,0.758,Europe
7,Italy,22432803.0,177054.0,,21779604.0,476145.0,141.0,372250.0,2938.0,246636495.0,4092684.0,60262770.0,ITA,Western Europe,301230,193.0,2.52,2.07,5.94,26700.0,98.6,430.9,27.79,9.53,62.68,,8.72,10.4,0.021,0.291,0.688,Europe
8,Japan,21229216.0,44678.0,,20380089.0,804449.0,204.0,169043.0,356.0,76201407.0,606772.0,125584838.0,JPN,Asia (Ex. Near East),377835,337.4,7.87,0.0,3.26,28200.0,99.0,461.2,12.19,0.96,86.85,3.0,9.37,9.16,0.017,0.258,0.725,Asia
9,Russia,20948470.0,387163.0,,19979763.0,581544.0,2300.0,143674.0,2655.0,273400000.0,1875095.0,145805947.0,RUS,C.W. Of Ind. States,17075200,8.4,0.22,1.02,15.39,8900.0,99.6,280.6,7.33,0.11,92.56,,9.95,14.65,0.054,0.371,0.575,Europe
10,Turkey,16873793.0,101139.0,,16754301.0,18353.0,975.0,197211.0,1182.0,162743369.0,1902052.0,85561976.0,TUR,Near East,780580,90.2,0.92,0.0,41.04,6700.0,86.5,269.5,30.93,3.31,65.76,3.0,16.62,5.97,0.117,0.298,0.585,Asia
11,Spain,13412263.0,114084.0,,13218892.0,79287.0,339.0,287083.0,2442.0,471036328.0,10082298.0,46719142.0,ESP,Western Europe,504782,80.0,0.98,0.99,4.42,22000.0,97.9,453.5,26.07,9.87,64.06,3.0,10.06,9.72,0.04,0.295,0.665,Europe
12,Vietnam,11477886.0,43148.0,,10590917.0,843821.0,106.0,115993.0,436.0,85826548.0,867342.0,98953541.0,VNM,Asia (Ex. Near East),329560,256.1,1.05,-0.45,25.95,2500.0,90.3,187.7,19.97,5.95,74.08,2.0,16.86,6.22,0.209,0.41,0.381,Asia
13,Australia,10209239.0,14984.0,,10133494.0,60761.0,49.0,391627.0,575.0,78835048.0,3024116.0,26068792.0,AUS,Oceania,7686850,2.6,0.34,3.98,4.69,29000.0,100.0,565.5,6.55,0.04,93.41,1.0,12.14,7.51,0.038,0.262,0.7,Oceania
14,Argentina,9708420.0,129897.0,,9563348.0,15175.0,294.0,211006.0,2823.0,35716069.0,776264.0,46010234.0,ARG,Latin Amer. & Carib,2766890,14.4,0.18,0.61,15.18,11200.0,97.1,220.4,12.31,0.48,87.21,3.0,16.73,7.55,0.095,0.358,0.547,South America
15,Netherlands,8422336.0,22643.0,,8362464.0,37229.0,35.0,489345.0,1316.0,21107399.0,1226358.0,17211447.0,NLD,Western Europe,41526,397.1,1.09,2.91,5.04,28600.0,99.0,460.8,26.71,0.97,72.32,3.0,10.9,8.68,0.021,0.244,0.736,Europe
16,Iran,7548320.0,144421.0,,7325370.0,78529.0,157.0,87748.0,1679.0,54095556.0,628851.0,86022837.0,IRN,Asia (Ex. Near East),1648000,41.7,0.15,-0.84,41.58,7000.0,79.4,276.4,8.72,1.39,89.89,1.0,17.0,5.55,0.116,0.424,0.46,Asia
17,Mexico,7084488.0,330065.0,,6353953.0,400470.0,4798.0,53849.0,2509.0,18393211.0,139806.0,131562772.0,MEX,Latin Amer. & Carib,1972550,54.5,0.47,-4.87,20.91,9000.0,92.2,181.6,12.99,1.31,85.7,1.5,20.69,4.74,0.038,0.259,0.702,North America
18,Indonesia,6429767.0,158093.0,,6253317.0,18357.0,2771.0,23035.0,566.0,108656989.0,389264.0,279134505.0,IDN,Asia (Ex. Near East),1919440,127.9,2.85,0.0,35.6,3200.0,87.9,52.0,11.32,7.23,81.45,2.0,20.34,6.25,0.134,0.458,0.408,Asia
19,Taiwan,6417941.0,11003.0,,5603195.0,803743.0,,268661.0,461.0,25998416.0,1088319.0,23888595.0,TWN,Asia (Ex. Near East),35980,640.3,4.35,0.0,6.4,23400.0,96.1,591.0,24.0,1.0,75.0,2.0,12.56,6.48,0.018,0.259,0.723,Asia
20,Colombia,6307372.0,141794.0,,6134690.0,30888.0,342.0,122443.0,2753.0,36572720.0,709974.0,51512762.0,COL,Latin Amer. & Carib,1138910,38.3,0.28,-0.31,20.97,6300.0,92.5,176.2,2.42,1.67,95.91,2.0,20.48,5.58,0.125,0.342,0.533,South America
21,Poland,6289672.0,117539.0,,5335940.0,836193.0,3086.0,166659.0,3114.0,37335609.0,989290.0,37739785.0,POL,Eastern Europe,312685,123.3,0.16,-0.49,8.51,11100.0,99.8,306.3,45.91,1.12,52.97,3.0,9.85,9.89,0.05,0.311,0.64,Europe
22,Portugal,5490639.0,25024.0,,5394788.0,70827.0,61.0,541453.0,2468.0,44988307.0,4436467.0,10140570.0,PRT,Western Europe,92391,114.8,1.94,3.57,5.05,18000.0,93.3,399.2,21.75,7.81,70.44,3.0,10.72,10.5,0.053,0.274,0.673,Europe
23,Ukraine,5177217.0,109206.0,,4973554.0,94457.0,177.0,119865.0,2528.0,19521252.0,451963.0,43192122.0,UKR,C.W. Of Ind. States,603700,77.4,0.46,-0.39,20.34,5400.0,99.7,259.9,56.21,1.61,42.18,3.0,8.82,14.39,0.187,0.452,0.361,Europe
24,Austria,5118512.0,20738.0,,5006572.0,91202.0,47.0,564539.0,2287.0,197543761.0,21787811.0,9066710.0,AUT,Western Europe,83870,97.7,0.0,2.0,4.66,30000.0,98.0,452.2,16.91,0.86,82.23,3.0,8.74,9.76,0.018,0.304,0.678,Europe
25,Greece,4920192.0,33111.0,,4836903.0,50178.0,115.0,476918.0,3209.0,94139966.0,9125063.0,10316637.0,GRC,Western Europe,131940,81.0,10.37,2.35,5.53,20000.0,97.5,589.7,21.1,8.78,70.12,3.0,9.68,10.24,0.054,0.213,0.733,Europe
26,Malaysia,4838872.0,36369.0,,4777329.0,25174.0,43.0,145832.0,1096.0,64604259.0,1947021.0,33181072.0,MYS,Asia (Ex. Near East),329750,74.0,1.42,0.0,17.7,9000.0,88.7,179.0,5.48,17.61,76.91,2.0,22.86,5.05,0.084,0.48,0.436,Asia
27,North Korea,4772813.0,74.0,,4772739.0,0.0,,183636.0,3.0,,,25990679.0,PRK,Asia (Ex. Near East),120540,191.8,2.07,0.0,24.04,1300.0,99.0,42.4,20.76,2.49,76.75,3.0,15.54,7.13,0.3,0.34,0.36,Asia
28,Thailand,4681309.0,32767.0,9.0,4642083.0,6459.0,1496.0,66801.0,468.0,17270775.0,246450.0,70078203.0,THA,Asia (Ex. Near East),514000,125.7,0.63,0.0,20.48,7400.0,92.6,108.9,29.36,6.46,64.18,2.0,13.87,7.04,0.099,0.441,0.46,Asia
29,Israel,4661096.0,11698.0,,4641394.0,8004.0,101.0,499796.0,1254.0,41373364.0,4436346.0,9326000.0,ISR,Near East,20770,305.8,1.31,0.68,7.03,19800.0,95.4,462.3,16.39,4.17,79.44,3.0,17.97,6.18,0.026,0.317,0.657,Asia
30,Chile,4620377.0,61141.0,,4540886.0,18350.0,124.0,240017.0,3176.0,45128974.0,2344339.0,19250195.0,CHL,Latin Amer. & Carib,756950,21.3,0.85,0.0,8.8,9900.0,96.2,213.0,2.65,0.42,96.93,3.0,15.23,5.81,0.06,0.493,0.447,South America
31,Belgium,4533249.0,32659.0,,4451569.0,49021.0,48.0,388511.0,2799.0,35555508.0,3047194.0,11668278.0,BEL,Western Europe,30528,340.0,0.22,1.23,4.68,29100.0,98.0,462.6,23.28,0.4,76.32,3.0,10.38,10.27,0.01,0.24,0.749,Europe
32,Canada,4233468.0,44992.0,,4131367.0,57109.0,99.0,110280.0,1172.0,64928884.0,1691366.0,38388419.0,CAN,Northern America,9984670,3.3,2.02,5.96,4.75,29800.0,97.0,552.2,4.96,0.02,95.02,,10.78,7.8,0.022,0.294,0.684,North America
33,Peru,4143085.0,216539.0,,3914598.0,11948.0,147.0,122998.0,6429.0,35126382.0,1042815.0,33684208.0,PER,Latin Amer. & Carib,1285220,22.0,0.19,-1.05,31.94,5100.0,90.9,79.5,2.89,0.4,96.71,1.5,20.48,6.23,0.08,0.27,0.65,South America
34,Czechia,4100480.0,41059.0,,4035333.0,24088.0,39.0,381910.0,3824.0,56212735.0,5235528.0,10736784.0,CZE,Eastern Europe,78866,129.8,0.0,0.97,3.93,15700.0,99.9,314.3,39.8,3.05,57.15,3.0,9.02,10.59,0.034,0.393,0.573,Europe
35,Switzerland,4084307.0,14183.0,,4012833.0,57291.0,54.0,465520.0,1617.0,22318542.0,2543819.0,8773637.0,CHE,Western Europe,41290,182.2,0.0,4.05,4.39,32700.0,99.0,680.9,10.42,0.61,88.97,3.0,9.71,8.49,0.015,0.34,0.645,Europe
36,South Africa,4018769.0,102185.0,,3909265.0,7319.0,192.0,66146.0,1682.0,26174429.0,430811.0,60756135.0,ZAF,Sub-Saharan Africa,1219912,36.2,0.23,-0.29,61.81,10700.0,86.4,107.0,12.08,0.79,87.13,1.0,18.2,22.0,0.025,0.303,0.671,Africa
37,Philippines,3945566.0,62916.0,,3854478.0,28172.0,696.0,35069.0,559.0,32796350.0,291500.0,112508994.0,PHL,Asia (Ex. Near East),300000,298.2,12.1,-1.5,23.51,4600.0,92.6,38.4,18.95,16.77,64.28,2.0,24.89,5.41,0.144,0.326,0.53,Asia
38,Romania,3267370.0,67016.0,,3180124.0,20230.0,123.0,171684.0,3521.0,25094131.0,1318569.0,19031335.0,ROU,Eastern Europe,237500,93.9,0.09,-0.13,26.43,7000.0,98.4,196.9,40.82,2.25,56.93,3.0,10.7,11.77,0.101,0.35,0.549,Europe
39,Denmark,3110831.0,7065.0,,3093396.0,10370.0,,533138.0,1211.0,128397719.0,22004939.0,5834950.0,DNK,Western Europe,43094,126.5,16.97,2.48,4.56,31100.0,100.0,614.6,54.02,0.19,45.79,3.0,11.13,10.36,0.018,0.246,0.735,Europe
40,Sweden,2588441.0,20194.0,,2548125.0,20122.0,13.0,253298.0,1976.0,18965590.0,1855920.0,10218971.0,SWE,Western Europe,449964,20.0,0.72,1.67,2.77,26800.0,99.0,715.0,6.54,0.01,93.45,3.0,10.27,10.31,0.011,0.282,0.707,Europe
41,Iraq,2459982.0,25355.0,,2433704.0,923.0,21.0,58342.0,601.0,19239264.0,456286.0,42164965.0,IRQ,Near East,437072,61.3,0.01,0.0,50.25,1500.0,40.4,38.6,13.15,0.78,86.07,1.0,31.98,5.37,0.073,0.666,0.261,Asia
42,Serbia,2359530.0,17000.0,,2298536.0,43994.0,33.0,272683.0,1965.0,11030499.0,1274758.0,8653016.0,SRB,Eastern Europe,88361,106.3,0.0,-1.33,12.89,2200.0,93.0,285.8,33.35,3.2,63.45,,,,0.166,0.255,0.579,Europe
43,Hungary,2094142.0,47503.0,,2014175.0,32464.0,18.0,217998.0,4945.0,11394556.0,1186160.0,9606259.0,HUN,Eastern Europe,93030,107.3,0.0,0.86,8.57,13900.0,99.4,336.2,50.09,2.06,47.85,3.0,9.72,13.11,0.037,0.312,0.651,Europe
44,Bangladesh,2024489.0,29362.0,,1964501.0,30626.0,1331.0,12059.0,175.0,14872260.0,88586.0,167885689.0,BGD,Asia (Ex. Near East),144000,1023.4,0.4,-0.71,62.6,1900.0,43.1,7.3,62.11,3.07,34.82,2.0,29.8,8.27,0.199,0.198,0.603,Asia
45,Singapore,1904192.0,1617.0,,1821160.0,81415.0,9.0,320380.0,272.0,24345019.0,4096043.0,5943546.0,SGP,Asia (Ex. Near East),693,6482.2,27.85,11.53,2.29,23700.0,92.5,411.4,1.64,0.0,98.36,2.0,9.34,4.28,0.0,0.339,0.661,Asia
46,Slovakia,1843220.0,20455.0,,1817938.0,4827.0,22.0,337574.0,3746.0,7298163.0,1336613.0,5460193.0,SVK,Eastern Europe,48845,111.4,0.0,0.3,7.41,13300.0,,220.1,30.16,2.62,67.22,3.0,10.65,9.45,0.035,0.294,0.672,Europe
47,Georgia,1780691.0,16900.0,,1637293.0,126498.0,,448679.0,4258.0,16920079.0,4263340.0,3968738.0,GEO,C.W. Of Ind. States,69700,66.9,0.44,-4.7,18.59,2500.0,99.0,146.6,11.44,3.86,84.7,3.0,10.41,9.23,0.172,0.275,0.553,Asia
48,New Zealand,1779476.0,2959.0,,1767660.0,8857.0,,363292.0,604.0,7544063.0,1540170.0,4898203.0,NZL,Oceania,268680,15.2,5.63,4.05,5.85,21600.0,99.0,441.7,5.6,6.99,87.41,3.0,13.76,7.53,0.043,0.273,0.684,Oceania
49,Hong Kong,1761381.0,10153.0,,1469240.0,281988.0,8.0,231630.0,1335.0,54352132.0,7147553.0,7604299.0,HKG,Asia (Ex. Near East),1092,6355.7,67.12,5.24,2.97,28800.0,93.5,546.7,5.05,1.01,93.94,2.0,7.29,6.29,0.001,0.092,0.906,Asia
50,Jordan,1746997.0,14122.0,,1731007.0,1868.0,59.0,169597.0,1371.0,17201885.0,1669945.0,10300869.0,JOR,Near East,92300,64.0,0.03,6.59,17.35,4300.0,91.3,104.5,2.67,1.83,95.5,1.0,21.25,2.65,0.033,0.287,0.68,Asia
51,Ireland,1663653.0,7905.0,,1648405.0,7343.0,13.0,331392.0,1575.0,12708583.0,2531490.0,5020199.0,IRL,Western Europe,70280,57.8,2.06,4.99,5.39,29600.0,98.0,500.5,15.2,0.03,84.77,3.0,14.45,7.82,0.05,0.46,0.49,Europe
52,Pakistan,1572598.0,30616.0,3.0,1536924.0,5058.0,47.0,6853.0,133.0,30477451.0,132806.0,229488994.0,PAK,Asia (Ex. Near East),803940,206.2,0.13,-2.77,72.44,2100.0,45.7,31.8,27.87,0.87,71.26,1.0,29.74,8.23,0.216,0.251,0.533,Asia
53,Norway,1462318.0,4098.0,,1457108.0,1112.0,20.0,265327.0,744.0,11002430.0,1996315.0,5511370.0,NOR,Western Europe,323802,14.2,7.77,1.74,3.7,37800.0,100.0,461.7,2.87,0.0,97.13,3.0,11.46,9.4,0.021,0.415,0.564,Europe
54,Kazakhstan,1393468.0,13690.0,,1378440.0,1338.0,24.0,72557.0,713.0,11575012.0,602707.0,19205043.0,KAZ,C.W. Of Ind. States,2717300,5.6,0.0,-3.35,29.21,6300.0,98.4,164.1,7.98,0.05,91.97,4.0,16.0,9.42,0.067,0.386,0.547,Asia
55,Finland,1292940.0,5981.0,,1263711.0,23248.0,21.0,232754.0,1077.0,11505032.0,2071128.0,5554960.0,FIN,Western Europe,338145,15.5,0.37,0.95,3.57,27400.0,100.0,405.3,7.19,0.03,92.78,3.0,10.45,9.86,0.028,0.295,0.676,Europe
56,Morocco,1264935.0,16278.0,,1248543.0,114.0,293.0,33488.0,431.0,12577650.0,332982.0,37772756.0,MAR,Northern Africa,446550,74.4,0.41,-0.98,41.62,4000.0,51.7,40.4,19.61,2.17,78.22,,21.98,5.58,0.217,0.357,0.426,Africa
57,Bulgaria,1258670.0,37714.0,,1211397.0,9559.0,43.0,183892.0,5510.0,10559171.0,1542702.0,6844597.0,BGR,Eastern Europe,110910,66.6,0.32,-4.58,20.55,7600.0,98.6,336.3,40.02,1.92,58.06,3.0,9.65,14.27,0.093,0.304,0.603,Europe
58,Lithuania,1249134.0,9320.0,,1216151.0,23663.0,12.0,469298.0,3502.0,10174473.0,3822535.0,2661708.0,LTU,Baltics,65200,55.0,0.14,-0.71,6.89,11400.0,99.6,223.4,45.22,0.91,53.87,,8.75,10.98,0.055,0.325,0.62,Europe
59,Croatia,1231575.0,16902.0,,1209524.0,5149.0,10.0,303397.0,4164.0,5225875.0,1287388.0,4059286.0,HRV,Eastern Europe,56542,79.5,10.32,1.58,6.84,10600.0,98.5,420.4,26.09,2.27,71.65,,9.61,11.48,0.07,0.308,0.622,Europe
60,Lebanon,1215511.0,10674.0,,1087587.0,117250.0,74.0,181831.0,1597.0,4795578.0,717380.0,6684849.0,LBN,Near East,10400,372.5,2.16,0.0,24.52,4800.0,87.4,255.6,16.62,13.98,69.4,,18.52,6.21,0.12,0.21,0.67,Asia
61,Slovenia,1181073.0,6820.0,,1145051.0,29202.0,22.0,568361.0,3282.0,2743244.0,1320115.0,2078034.0,SVN,Eastern Europe,20273,99.2,0.23,1.12,4.45,19000.0,99.7,406.1,8.6,1.49,89.91,,8.98,10.31,0.028,0.369,0.603,Europe
62,Tunisia,1145686.0,29249.0,,,,99.0,95104.0,2428.0,4948208.0,410754.0,12046656.0,TUN,Northern Africa,163610,62.2,0.7,-0.57,24.77,6900.0,74.2,123.6,17.86,13.74,68.4,3.0,15.52,5.13,0.132,0.318,0.55,Africa
63,Guatemala,1123465.0,19789.0,,1102988.0,688.0,5.0,60453.0,1065.0,5884813.0,316660.0,18584039.0,GTM,Latin Amer. & Carib,108890,112.9,0.37,-1.67,35.93,4100.0,70.6,92.1,12.54,5.03,82.43,2.0,29.88,5.2,0.227,0.188,0.585,North America
64,Cuba,1111179.0,8530.0,,1102548.0,101.0,23.0,98285.0,754.0,14149157.0,1251512.0,11305652.0,CUB,Latin Amer. & Carib,110860,102.7,3.37,-1.58,6.33,2900.0,97.0,74.7,33.05,7.6,59.35,2.0,11.89,7.22,0.055,0.261,0.684,North America
65,Bolivia,1108195.0,22234.0,,1051789.0,34172.0,220.0,92406.0,1854.0,2705422.0,225590.0,11992656.0,BOL,Latin Amer. & Carib,1098580,8.2,0.0,-1.32,53.11,2400.0,87.2,71.9,2.67,0.19,97.14,1.5,23.3,7.53,0.128,0.352,0.52,South America
66,Costa Rica,1072807.0,8913.0,,860711.0,203183.0,52.0,207012.0,1720.0,4659757.0,899158.0,5182354.0,CRI,Latin Amer. & Carib,51100,79.8,2.52,0.51,9.95,9100.0,96.0,340.7,4.41,5.88,89.71,2.0,18.32,4.36,0.088,0.299,0.614,North America
67,United Arab Emirates,1027031.0,2345.0,,1006369.0,18317.0,,101870.0,233.0,190586733.0,18904066.0,10081785.0,ARE,Near East,82880,31.4,1.59,1.03,14.51,23200.0,77.9,475.3,0.6,2.25,97.15,1.0,18.96,4.4,0.04,0.585,0.375,Asia
68,Ecuador,1003778.0,35894.0,,964320.0,3564.0,759.0,55416.0,1982.0,3082403.0,170173.0,18113361.0,ECU,Latin Amer. & Carib,283560,47.8,0.79,-8.58,23.66,3300.0,92.5,125.6,5.85,4.93,89.22,2.0,22.29,4.23,0.07,0.312,0.618,South America
69,Nepal,999712.0,12018.0,,986617.0,1077.0,,33075.0,398.0,5936702.0,196413.0,30225582.0,NPL,Asia (Ex. Near East),147181,192.2,0.0,0.0,66.98,1400.0,45.2,15.9,21.68,0.64,77.68,,30.98,9.31,0.38,0.21,0.41,Asia
70,Belarus,994037.0,7118.0,,985592.0,1327.0,,105381.0,755.0,13646641.0,1446722.0,9432800.0,BLR,C.W. Of Ind. States,207600,49.6,0.0,2.54,13.37,6100.0,99.6,319.1,29.55,0.6,69.85,4.0,11.16,14.02,0.093,0.316,0.591,Europe
71,Panama,986866.0,8497.0,,976873.0,1496.0,16.0,221919.0,1911.0,7062027.0,1588056.0,4446964.0,PAN,Latin Amer. & Carib,78200,40.8,3.18,-0.91,20.47,6300.0,92.6,137.9,7.36,1.98,90.66,2.0,21.74,5.36,0.068,0.156,0.776,North America
72,Uruguay,985422.0,7485.0,,976760.0,1177.0,18.0,281870.0,2141.0,6114822.0,1749083.0,3496016.0,URY,Latin Amer. & Carib,176220,19.5,0.37,-0.32,11.95,12800.0,98.0,291.4,7.43,0.23,92.34,3.0,13.91,9.05,0.093,0.311,0.596,South America
73,Mongolia,982864.0,2179.0,,979439.0,1246.0,192.0,290954.0,645.0,4030048.0,1193000.0,3378078.0,MNG,Asia (Ex. Near East),1564116,1.8,0.0,0.0,53.79,1800.0,97.8,55.1,0.77,0.0,99.23,1.0,21.59,6.95,0.206,0.214,0.58,Asia
74,Latvia,929051.0,5990.0,,891237.0,31824.0,5.0,502506.0,3240.0,7650009.0,4137741.0,1848837.0,LVA,Baltics,64589,35.2,0.82,-2.23,9.55,10200.0,99.8,321.4,29.67,0.47,69.86,3.0,9.24,13.66,0.04,0.261,0.699,Europe
75,Azerbaijan,821162.0,9910.0,,810181.0,1071.0,,79723.0,962.0,7245111.0,703395.0,10300205.0,AZE,C.W. Of Ind. States,86600,91.9,0.0,-4.9,81.74,3400.0,97.0,137.1,19.63,2.71,77.66,1.0,20.74,9.75,0.141,0.457,0.402,Asia
76,Saudi Arabia,816389.0,9351.0,,803546.0,3492.0,32.0,22776.0,261.0,44321147.0,1236470.0,35844909.0,SAU,Near East,1960582,13.8,0.13,-2.71,13.24,11800.0,78.8,140.6,1.67,0.09,98.24,1.0,29.34,2.58,0.033,0.613,0.354,Asia
77,Paraguay,716059.0,19583.0,,696110.0,366.0,7.0,98012.0,2680.0,2657506.0,363751.0,7305843.0,PRY,Latin Amer. & Carib,406750,16.0,0.0,-0.08,25.63,4700.0,94.0,49.2,7.6,0.23,92.17,2.0,29.1,4.49,0.224,0.207,0.569,South America
78,Bahrain,680271.0,1520.0,,675724.0,3027.0,2.0,381321.0,852.0,10376306.0,5816370.0,1783983.0,BHR,Near East,665,1050.5,24.21,1.05,17.27,16900.0,89.1,281.3,2.82,5.63,91.55,1.0,17.8,4.14,0.005,0.387,0.608,Asia
79,Sri Lanka,670763.0,16761.0,,653779.0,223.0,,31089.0,777.0,6486117.0,300619.0,21575842.0,LKA,Asia (Ex. Near East),65610,308.2,2.04,-1.31,14.35,3700.0,92.3,61.5,13.86,15.7,70.44,2.0,15.51,6.52,0.178,0.276,0.545,Asia
80,Kuwait,658520.0,2563.0,,655316.0,641.0,3.0,150336.0,585.0,8365279.0,1909739.0,4380326.0,KWT,Near East,17820,135.7,2.8,14.18,9.95,19000.0,83.5,211.0,0.73,0.11,99.16,1.0,21.94,2.41,0.004,0.479,0.516,Asia
81,Dominican Republic,644016.0,4384.0,,638911.0,721.0,4.0,58248.0,397.0,3657057.0,330765.0,11056370.0,DOM,Latin Amer. & Carib,48730,188.5,2.64,-3.22,32.38,6000.0,84.7,97.4,22.65,10.33,67.02,2.0,23.22,5.73,0.112,0.306,0.582,North America
82,Myanmar,622802.0,19458.0,,597898.0,5446.0,,11277.0,352.0,9056450.0,163985.0,55227143.0,MMR,Asia (Ex. Near East),678500,69.8,0.28,-1.8,67.24,1800.0,85.3,10.1,15.19,0.97,83.84,2.0,17.91,9.83,0.564,0.082,0.353,Asia
83,Estonia,601869.0,2681.0,,524990.0,74198.0,4.0,455303.0,2028.0,3536858.0,2675566.0,1321910.0,EST,Baltics,45226,29.3,8.39,-3.16,7.87,12300.0,99.8,333.8,16.04,0.45,83.51,3.0,10.04,13.25,0.04,0.294,0.666,Europe
84,Moldova,589388.0,11844.0,,504142.0,73402.0,49.0,146863.0,2951.0,3216305.0,801437.0,4013171.0,MDA,C.W. Of Ind. States,33843,132.0,0.0,-0.26,40.42,1800.0,99.1,208.1,55.3,10.79,33.91,,15.7,12.64,0.213,0.233,0.555,Europe
85,Cyprus,585313.0,1180.0,,578452.0,5681.0,60.0,478437.0,965.0,9640118.0,7879860.0,1223387.0,CYP,Near East,9250,84.8,7.01,0.43,7.18,19200.0,97.6,,7.79,4.44,87.77,3.0,12.56,7.68,0.037,0.198,0.765,Asia
86,Venezuela,544687.0,5814.0,,538033.0,840.0,36.0,18611.0,199.0,3359014.0,114771.0,29266991.0,VEN,Latin Amer. & Carib,912050,28.2,0.31,-0.04,22.2,4800.0,93.4,140.1,2.95,0.92,96.13,2.0,18.71,4.92,0.04,0.419,0.541,South America
87,Egypt,515645.0,24613.0,,442182.0,48850.0,122.0,4857.0,232.0,3693367.0,34792.0,106156692.0,EGY,Northern Africa,1001450,78.8,0.24,-0.22,32.59,4000.0,57.7,131.8,2.87,0.48,96.65,1.0,22.94,5.23,0.149,0.357,0.493,Africa
88,Libya,506991.0,6437.0,,500507.0,47.0,101.0,72008.0,914.0,2481983.0,352517.0,7040745.0,LBY,Northern Africa,1759540,3.4,0.1,0.0,24.6,6400.0,82.6,127.1,1.03,0.19,98.78,,26.49,3.48,0.076,0.499,0.425,Africa
89,Ethiopia,493563.0,7572.0,,471918.0,14073.0,1.0,4085.0,63.0,5258807.0,43529.0,120812698.0,ETH,Sub-Saharan Africa,1127127,66.3,0.0,0.0,95.32,700.0,42.7,8.2,10.71,0.75,88.54,2.0,37.98,14.86,0.475,0.099,0.426,Africa
90,RÃ©union,472336.0,893.0,,418572.0,52871.0,10.0,520159.0,983.0,1603660.0,1766027.0,908061.0,REU,Sub-Saharan Africa,2517,312.9,8.22,0.0,7.78,5800.0,88.9,380.9,13.6,1.2,85.2,2.0,18.9,5.49,0.08,0.19,0.73,Africa
91,Honduras,456391.0,10993.0,,,,105.0,44651.0,1076.0,1528531.0,149544.0,10221247.0,HND,Latin Amer. & Carib,112090,65.4,0.73,-1.99,29.32,2600.0,76.2,67.5,9.55,3.22,87.23,2.0,28.24,5.28,0.139,0.312,0.549,North America
92,Qatar,450448.0,682.0,,443418.0,6348.0,4.0,151161.0,229.0,3951470.0,1326034.0,2979915.0,QAT,Near East,11437,77.4,4.92,16.29,18.61,21500.0,82.5,232.0,1.64,0.27,98.09,1.0,15.56,4.72,0.002,0.801,0.197,Asia
93,Armenia,442875.0,8683.0,,430192.0,4000.0,,149018.0,2922.0,3210961.0,1080416.0,2971966.0,ARM,C.W. Of Ind. States,29800,99.9,0.0,-6.47,23.28,3500.0,98.6,195.7,17.55,2.3,80.15,4.0,12.07,8.23,0.239,0.343,0.418,Asia
94,Bosnia and Herzegovina,398668.0,16136.0,,376654.0,5878.0,,122693.0,4966.0,1861041.0,572748.0,3249317.0,BIH,Eastern Europe,51129,88.0,0.04,0.31,21.05,6100.0,,215.4,13.6,2.96,83.44,4.0,8.77,8.27,0.142,0.308,0.55,Europe
95,Oman,397993.0,4260.0,,384669.0,9064.0,2.0,74755.0,800.0,25000000.0,4695724.0,5323993.0,OMN,Near East,212460,14.6,0.98,0.28,19.51,13100.0,75.8,85.5,0.0,0.14,99.74,1.0,36.24,3.81,0.027,0.39,0.583,Asia
96,North Macedonia,342775.0,9534.0,,332806.0,435.0,,164692.0,4581.0,2130257.0,1023520.0,2081304.0,MKD,Eastern Europe,25333,80.9,0.0,-1.45,10.09,6700.0,,260.0,22.26,1.81,75.93,3.0,12.02,8.77,0.118,0.319,0.563,Europe
97,Kenya,338420.0,5678.0,,332663.0,79.0,1.0,6020.0,101.0,3881967.0,69055.0,56215221.0,KEN,Sub-Saharan Africa,582650,59.6,0.09,-0.1,61.47,1000.0,85.1,8.1,8.08,0.98,90.94,1.5,39.72,14.02,0.163,0.188,0.651,Africa
98,Zambia,333531.0,4017.0,,329375.0,139.0,,17130.0,206.0,3731374.0,191645.0,19470234.0,ZMB,Sub-Saharan Africa,752614,15.3,0.0,0.0,88.29,800.0,80.6,8.2,7.08,0.03,92.9,2.0,41.0,19.93,0.22,0.29,0.489,Africa
99,Albania,332173.0,3588.0,,326729.0,1856.0,,115886.0,1252.0,1941032.0,677173.0,2866374.0,ALB,Eastern Europe,28748,124.6,1.26,-4.93,21.52,4500.0,86.5,71.2,21.09,4.42,74.49,3.0,15.11,5.22,0.232,0.188,0.579,Europe
100,Botswana,326308.0,2789.0,,322955.0,564.0,1.0,133669.0,1142.0,2026898.0,830300.0,2441162.0,BWA,Sub-Saharan Africa,600370,2.7,0.0,0.0,54.58,9000.0,79.8,80.5,0.65,0.01,99.34,1.0,23.08,29.5,0.024,0.469,0.507,Africa
101,Luxembourg,288658.0,1123.0,,283668.0,3867.0,,449363.0,1748.0,4402293.0,6853194.0,642371.0,LUX,Western Europe,2586,183.5,0.0,8.97,4.81,55100.0,100.0,515.4,23.28,0.4,76.32,,11.94,8.41,0.01,0.13,0.86,Europe
102,Algeria,270668.0,6879.0,,182306.0,81483.0,6.0,5968.0,152.0,230861.0,5091.0,45350148.0,DZA,Northern Africa,2381740,13.8,0.04,-0.39,31.0,6000.0,70.0,78.1,3.22,0.25,96.53,1.0,17.14,4.61,0.101,0.6,0.298,Africa
103,Nigeria,265382.0,3155.0,,258381.0,3846.0,11.0,1224.0,15.0,5441162.0,25104.0,216746934.0,NGA,Sub-Saharan Africa,923768,142.7,0.09,0.26,98.8,900.0,68.0,9.3,31.29,2.96,65.75,1.5,40.43,16.94,0.269,0.487,0.244,Africa
104,Zimbabwe,257409.0,5602.0,,251281.0,526.0,12.0,16790.0,365.0,2511501.0,163814.0,15331428.0,ZWE,Sub-Saharan Africa,390580,31.3,0.0,0.0,67.69,1900.0,90.7,26.8,8.32,0.34,91.34,2.0,28.01,21.84,0.179,0.243,0.579,Africa
105,China,250449.0,5226.0,,242254.0,2969.0,36.0,173.0,4.0,160000000.0,110461.0,1448471400.0,CHN,Asia (Ex. Near East),9596960,136.9,0.15,-0.4,24.18,5000.0,90.9,266.7,15.4,1.25,83.35,1.5,13.25,6.97,0.125,0.473,0.403,Asia
106,Uzbekistan,244199.0,1637.0,,241486.0,1076.0,23.0,7103.0,48.0,1377915.0,40077.0,34382084.0,UZB,C.W. Of Ind. States,447400,61.0,0.0,-1.72,71.1,1700.0,99.3,62.9,10.83,0.83,88.34,1.0,26.36,7.84,0.342,0.229,0.43,Asia
107,Mozambique,230219.0,2221.0,,227882.0,116.0,11.0,6957.0,67.0,1371127.0,41437.0,33089461.0,MOZ,Sub-Saharan Africa,801590,24.6,0.31,0.0,130.79,1200.0,47.8,3.5,5.1,0.3,94.6,2.0,35.18,21.35,0.262,0.348,0.39,Africa
108,Brunei,226237.0,225.0,,222140.0,3872.0,3.0,507906.0,505.0,717784.0,1611437.0,445431.0,BRN,Asia (Ex. Near East),5770,65.8,2.79,3.59,12.61,18600.0,93.9,237.2,0.57,0.76,98.67,2.0,18.79,3.45,0.036,0.561,0.403,Asia
109,Martinique,221618.0,1044.0,,,,8.0,592424.0,2791.0,828928.0,2215870.0,374087.0,MTQ,Latin Amer. & Carib,1100,396.5,31.82,-0.05,7.09,14400.0,97.7,394.4,10.38,9.43,80.19,2.0,13.74,6.48,0.06,0.11,0.83,North America
110,Laos,215843.0,758.0,,,,,28852.0,101.0,1233207.0,164845.0,7481023.0,LAO,Asia (Ex. Near East),236800,26.9,0.0,0.0,85.22,1700.0,66.4,14.1,3.8,0.35,95.85,2.0,35.49,11.55,0.455,0.287,0.258,Asia
111,Kyrgyzstan,206083.0,2991.0,,196406.0,6686.0,131.0,30629.0,445.0,1907195.0,283460.0,6728271.0,KGZ,C.W. Of Ind. States,198500,26.3,0.0,-2.45,35.64,1600.0,97.0,84.0,7.3,0.35,92.35,2.5,22.8,7.08,0.353,0.208,0.439,Asia
112,Iceland,205637.0,213.0,,,,2.0,595371.0,617.0,1996384.0,5780036.0,345393.0,ISL,Western Europe,103000,2.9,4.83,2.38,3.31,30900.0,99.9,647.7,0.07,0.0,99.93,3.0,13.64,6.72,0.086,0.15,0.765,Europe
113,El Salvador,201785.0,4229.0,,179410.0,18146.0,8.0,30805.0,646.0,2610114.0,398467.0,6550389.0,SLV,Latin Amer. & Carib,21040,324.3,1.46,-3.74,25.1,4800.0,80.2,142.4,31.85,12.07,56.08,2.0,26.61,5.78,0.099,0.302,0.599,North America
114,Afghanistan,199067.0,7799.0,,177850.0,13418.0,1124.0,4885.0,191.0,1103716.0,27082.0,40754388.0,AFG,Asia (Ex. Near East),647500,48.0,0.0,23.06,163.07,700.0,36.0,3.2,12.13,0.22,87.65,1.0,46.6,20.34,0.38,0.24,0.38,Asia
115,Guadeloupe,192801.0,989.0,,,,19.0,482251.0,2474.0,938039.0,2346306.0,399794.0,GLP,Latin Amer. & Carib,1780,254.4,17.19,-0.15,8.6,8000.0,90.0,463.8,11.24,3.55,85.21,2.0,15.05,6.09,0.15,0.17,0.68,North America
116,Maldives,185042.0,308.0,,163687.0,21047.0,25.0,342046.0,569.0,2213831.0,4092223.0,540985.0,MDV,Asia (Ex. Near East),300,1196.7,214.67,0.0,56.52,3900.0,97.2,90.0,13.33,16.67,70.0,2.0,34.81,7.06,0.2,0.18,0.62,Asia
117,Trinidad and Tobago,182597.0,4195.0,,174214.0,4188.0,18.0,129816.0,2982.0,834508.0,593287.0,1406585.0,TTO,Latin Amer. & Carib,5128,207.9,7.06,-10.83,24.31,9500.0,98.6,303.5,14.62,9.16,76.22,2.0,12.9,10.57,0.007,0.57,0.423,North America
118,Uganda,169396.0,3628.0,,100431.0,65337.0,3.0,3498.0,75.0,3012408.0,62198.0,48432863.0,UGA,Sub-Saharan Africa,236040,119.5,0.0,0.0,67.83,1400.0,69.9,3.6,25.88,10.65,63.47,2.0,47.35,12.24,0.311,0.222,0.469,Africa
119,Namibia,169253.0,4065.0,,164813.0,375.0,,64260.0,1543.0,1062663.0,403460.0,2633874.0,NAM,Sub-Saharan Africa,825418,2.5,0.19,0.0,48.98,7200.0,84.0,62.6,0.99,0.0,99.01,1.0,24.32,18.86,0.097,0.315,0.588,Africa
120,Ghana,169100.0,1459.0,,167307.0,334.0,2.0,5220.0,45.0,2504017.0,77295.0,32395450.0,GHA,Sub-Saharan Africa,239460,93.6,0.23,-0.64,51.43,2200.0,74.8,14.4,16.26,9.67,74.07,2.0,30.52,9.72,0.366,0.246,0.387,Africa
121,Jamaica,151829.0,3317.0,,99239.0,49273.0,,50862.0,1111.0,1183986.0,396633.0,2985094.0,JAM,Latin Amer. & Carib,10991,250.9,9.3,-4.92,12.36,3900.0,87.9,124.0,16.07,10.16,73.77,2.0,20.82,6.52,0.049,0.337,0.615,North America
122,Cambodia,137870.0,3056.0,,134745.0,69.0,,8030.0,178.0,3069567.0,178789.0,17168639.0,KHM,Asia (Ex. Near East),181040,76.7,0.24,0.0,71.48,1900.0,69.4,2.6,20.96,0.61,78.43,2.0,26.9,9.06,0.35,0.3,0.35,Asia
123,Rwanda,132498.0,1466.0,,130955.0,77.0,,9742.0,108.0,5816624.0,427678.0,13600464.0,RWA,Sub-Saharan Africa,26338,328.4,0.0,0.0,91.23,1300.0,70.4,2.7,40.54,12.16,47.3,3.0,40.37,16.09,0.401,0.229,0.37,Africa
124,Cameroon,121652.0,1935.0,,118616.0,1101.0,13.0,4358.0,69.0,1751774.0,62762.0,27911548.0,CMR,Sub-Saharan Africa,475440,36.5,0.08,0.0,68.26,1800.0,79.0,5.7,12.81,2.58,84.61,1.5,33.89,13.47,0.448,0.17,0.382,Africa
125,Malta,114652.0,806.0,,113195.0,651.0,4.0,258206.0,1815.0,2060900.0,4641322.0,444033.0,MLT,Western Europe,316,1266.5,62.28,2.07,3.89,17700.0,92.8,505.0,28.13,3.13,68.74,,10.22,8.1,0.03,0.23,0.74,Europe
126,Angola,103131.0,1917.0,,101155.0,59.0,,2944.0,55.0,1499795.0,42818.0,35027343.0,AGO,Sub-Saharan Africa,1246700,9.7,0.13,0.0,191.19,1900.0,42.0,7.8,2.41,0.24,97.35,,45.11,24.2,0.096,0.658,0.246,Africa
127,Barbados,102546.0,559.0,,101760.0,227.0,,356034.0,1941.0,765378.0,2657350.0,288023.0,BRB,Latin Amer. & Carib,431,649.5,22.51,-0.31,12.5,15700.0,97.4,481.9,37.21,2.33,60.46,2.0,12.71,8.67,0.06,0.16,0.78,North America
128,French Guiana,93974.0,410.0,,11254.0,82310.0,3.0,299119.0,1305.0,651257.0,2072951.0,314169.0,GUF,Latin Amer. & Carib,91000,2.2,0.42,6.27,12.07,8300.0,83.0,255.6,0.14,0.05,99.81,2.0,20.46,4.88,0.066,0.156,0.778,South America
129,Congo,92852.0,1442.0,,83504.0,7906.0,,975.0,15.0,846704.0,8890.0,95240792.0,COG,Sub-Saharan Africa,2345410,26.7,0.0,0.0,94.69,700.0,65.5,0.2,2.96,0.52,96.52,2.0,43.69,13.27,0.55,0.11,0.34,Africa
130,Congo,24837.0,386.0,,24006.0,445.0,,4284.0,67.0,347815.0,59991.0,5797805.0,COG,Sub-Saharan Africa,2345410,26.7,0.0,0.0,94.69,700.0,65.5,0.2,2.96,0.52,96.52,2.0,43.69,13.27,0.55,0.11,0.34,Africa
131,Senegal,88373.0,1968.0,,86297.0,108.0,,5006.0,111.0,1146543.0,64946.0,17653671.0,SEN,Sub-Saharan Africa,196190,61.1,0.27,0.2,55.51,1600.0,40.2,22.2,12.78,0.21,87.01,2.0,32.78,9.42,0.172,0.209,0.619,Africa
132,Malawi,88024.0,2682.0,,84872.0,470.0,67.0,4362.0,133.0,616772.0,30562.0,20180839.0,MWI,Sub-Saharan Africa,118480,109.8,0.0,0.0,103.32,600.0,62.7,7.9,23.38,1.49,75.13,2.0,43.13,19.33,0.342,0.158,0.499,Africa
133,Ivory Coast,87208.0,826.0,,86338.0,44.0,,3144.0,30.0,1628106.0,58687.0,27742298.0,CIV,Sub-Saharan Africa,322460,54.8,0.16,-0.07,90.83,1400.0,50.9,14.6,9.75,13.84,76.41,2.0,35.11,14.84,0.279,0.171,0.55,Africa
134,Suriname,81106.0,1385.0,,,,,135894.0,2321.0,239178.0,400747.0,596831.0,SUR,Latin Amer. & Carib,163270,2.7,0.24,-8.81,23.57,4000.0,93.0,184.7,0.37,0.06,99.57,2.0,18.02,7.27,0.13,0.22,0.65,South America
135,French Polynesia,76599.0,649.0,,,,7.0,269559.0,2284.0,,,284164.0,PYF,Oceania,4167,65.9,60.6,2.94,8.44,17500.0,98.0,194.5,0.82,5.46,93.72,2.0,16.68,4.69,0.031,0.19,0.769,Oceania
136,New Caledonia,74152.0,314.0,,73823.0,15.0,9.0,254892.0,1079.0,98964.0,340182.0,290915.0,NCL,Oceania,19060,11.5,11.83,0.0,7.72,15000.0,91.0,252.2,0.38,0.33,99.29,2.0,18.11,5.69,0.15,0.088,0.762,Oceania
137,Eswatini,73390.0,1422.0,,71955.0,13.0,11.0,61942.0,1200.0,1045903.0,882755.0,1184817.0,SWZ,Sub-Saharan Africa,17363,65.5,0.0,0.0,69.27,4900.0,81.6,30.8,10.35,0.7,88.95,2.5,27.41,29.74,0.119,0.515,0.366,Africa
138,Guyana,71336.0,1281.0,,69977.0,78.0,,89839.0,1613.0,695695.0,876141.0,794045.0,GUY,Latin Amer. & Carib,214970,3.6,0.21,-2.07,33.26,4000.0,98.8,143.5,2.44,0.15,97.41,2.0,18.28,8.28,0.37,0.203,0.427,South America
139,Belize,68826.0,683.0,,68079.0,64.0,6.0,166976.0,1657.0,576016.0,1397453.0,412190.0,BLZ,Latin Amer. & Carib,22966,12.5,1.68,0.0,25.69,4900.0,94.1,115.7,2.85,1.71,95.44,2.0,28.84,5.72,0.142,0.152,0.612,North America
140,Fiji,68242.0,878.0,,66302.0,1062.0,,75035.0,965.0,662620.0,728581.0,909466.0,FJI,Oceania,18270,49.6,6.18,-3.14,12.62,5800.0,93.7,112.6,10.95,4.65,84.4,2.0,22.55,5.65,0.089,0.135,0.776,Oceania
141,Madagascar,66676.0,1410.0,,65242.0,24.0,,2285.0,48.0,512993.0,17581.0,29178077.0,MDG,Sub-Saharan Africa,587040,31.7,0.82,0.0,76.83,800.0,68.9,3.6,5.07,1.03,93.91,2.0,41.41,11.11,0.276,0.165,0.559,Africa
142,Sudan,63285.0,4961.0,,57290.0,1034.0,,1376.0,108.0,562941.0,12240.0,45992020.0,SDN,Sub-Saharan Africa,2505810,16.5,0.03,-0.02,62.5,1900.0,61.1,16.3,6.83,0.18,92.99,2.0,34.53,8.97,0.387,0.203,0.41,Africa
143,Mauritania,62812.0,995.0,,61789.0,28.0,,12814.0,203.0,970892.0,198061.0,4901981.0,MRT,Sub-Saharan Africa,1030700,3.1,0.07,0.0,70.89,1800.0,41.7,12.9,0.48,0.01,99.51,1.0,40.99,12.16,0.25,0.29,0.46,Africa
144,Cabo Verde,62371.0,410.0,,61890.0,71.0,23.0,109870.0,722.0,401622.0,707482.0,567678.0,CPV,Sub-Saharan Africa,4033,104.4,23.93,-12.07,47.77,1400.0,76.6,169.6,9.68,0.5,89.82,3.0,24.87,6.55,0.121,0.219,0.66,Africa
145,Bhutan,61730.0,21.0,,61564.0,145.0,,78343.0,27.0,2303734.0,2923739.0,787941.0,BTN,Asia (Ex. Near East),47000,48.5,0.0,0.0,100.44,1300.0,42.2,14.3,3.09,0.43,96.48,2.0,33.65,12.7,0.258,0.379,0.363,Asia
146,Syria,57299.0,3163.0,,54078.0,58.0,,2959.0,163.0,146269.0,7553.0,19364809.0,SYR,Near East,185180,102.0,0.1,0.0,29.53,3300.0,76.9,153.8,25.22,4.43,70.35,1.0,27.76,4.81,0.249,0.23,0.519,Asia
147,Burundi,50129.0,38.0,,49559.0,532.0,,3971.0,3.0,345742.0,27386.0,12624840.0,BDI,Sub-Saharan Africa,27830,290.7,0.0,-0.06,69.29,600.0,51.6,3.4,35.05,14.02,50.93,2.0,42.22,13.46,0.463,0.203,0.334,Africa
148,Gabon,48691.0,306.0,,48292.0,93.0,,20884.0,131.0,1616256.0,693216.0,2331533.0,GAB,Sub-Saharan Africa,267667,5.3,0.33,0.0,53.64,5500.0,63.2,27.4,1.26,0.66,98.08,2.0,36.16,12.25,0.061,0.592,0.348,Africa
149,Seychelles,47141.0,169.0,,46446.0,526.0,,474132.0,1700.0,,,99426.0,SYC,Sub-Saharan Africa,455,179.2,107.91,-5.69,15.53,7800.0,58.0,262.4,2.22,13.33,84.45,2.0,16.03,6.29,0.032,0.304,0.665,Africa
150,Andorra,46227.0,155.0,,46011.0,61.0,14.0,596762.0,2001.0,249838.0,3225256.0,77463.0,AND,Western Europe,468,152.1,0.0,6.6,4.05,19000.0,100.0,497.2,2.22,0.0,97.78,3.0,8.71,6.25,,,,Europe
151,Papua New Guinea,44997.0,668.0,,43982.0,347.0,7.0,4842.0,72.0,249149.0,26813.0,9292169.0,PNG,Oceania,462840,12.3,1.11,0.0,51.45,2200.0,64.6,10.9,0.46,1.44,98.1,2.0,29.36,7.25,0.353,0.381,0.266,Oceania
152,Aruba,42914.0,227.0,,42438.0,249.0,2.0,398796.0,2109.0,177885.0,1653068.0,107609.0,ABW,Latin Amer. & Carib,193,372.5,35.49,0.0,5.89,28000.0,97.0,516.1,10.53,0.0,89.47,2.0,11.03,6.68,0.004,0.333,0.663,North America
153,Mauritius,40461.0,1024.0,,38786.0,651.0,,31741.0,803.0,358675.0,281374.0,1274727.0,MUS,Sub-Saharan Africa,2040,608.3,8.68,-0.9,15.03,11400.0,85.6,289.3,49.26,2.96,47.78,2.0,15.43,6.86,0.059,0.298,0.643,Africa
154,Mayotte,40243.0,187.0,,,,,140582.0,653.0,176919.0,618038.0,286259.0,MYT,Sub-Saharan Africa,374,538.1,49.52,6.78,62.4,2600.0,,49.7,,,,2.0,40.95,7.7,,,,Africa
155,Tanzania,39440.0,845.0,,,,7.0,623.0,13.0,,,63298550.0,TZA,Sub-Saharan Africa,945087,39.6,0.15,-2.06,98.54,600.0,78.2,4.0,4.52,1.08,94.4,,37.71,16.39,0.432,0.172,0.396,Africa
156,Togo,39034.0,285.0,,38528.0,221.0,,4497.0,33.0,791865.0,91220.0,8680837.0,TGO,Sub-Saharan Africa,56785,97.7,0.1,0.0,66.61,1500.0,60.9,10.6,46.15,2.21,51.64,2.0,37.01,9.83,0.395,0.204,0.401,Africa
157,Isle of Man,38008.0,116.0,,,,,443335.0,1353.0,150753.0,1758422.0,85732.0,IMN,Western Europe,572,131.9,27.97,5.36,5.93,21000.0,,676.0,9.0,0.0,91.0,3.0,11.05,11.19,0.01,0.13,0.86,Europe
158,Guinea,37652.0,449.0,,36880.0,323.0,8.0,2715.0,32.0,660107.0,47607.0,13865691.0,GIN,Sub-Saharan Africa,245857,39.4,0.13,-3.06,90.37,2100.0,35.9,2.7,3.63,2.58,93.79,2.0,41.76,15.48,0.237,0.362,0.401,Africa
159,Bahamas,37267.0,833.0,,36070.0,364.0,2.0,93047.0,2080.0,248846.0,621314.0,400516.0,BHS,Latin Amer. & Carib,13940,21.8,25.41,-2.2,25.21,16700.0,95.6,460.6,0.8,0.4,98.8,2.0,17.57,9.05,0.03,0.07,0.9,North America
160,Faroe Islands,34658.0,28.0,,,,5.0,703959.0,569.0,778000.0,15802409.0,49233.0,FRO,Western Europe,1399,33.8,79.84,1.41,6.24,22000.0,,503.8,2.14,0.0,97.86,,14.05,8.7,0.27,0.11,0.62,Europe
161,Lesotho,34490.0,706.0,,25980.0,7804.0,,15852.0,324.0,431221.0,198199.0,2175699.0,LSO,Sub-Saharan Africa,30355,66.6,0.0,-0.74,84.23,3000.0,84.8,23.7,10.87,0.13,89.0,3.0,24.75,28.71,0.163,0.443,0.394,Africa
162,Haiti,33733.0,857.0,,31307.0,1569.0,,2888.0,73.0,132422.0,11337.0,11680283.0,HTI,Latin Amer. & Carib,27750,299.4,6.38,-3.4,73.45,1600.0,52.9,16.9,28.3,11.61,60.09,2.0,36.44,12.17,0.28,0.2,0.52,North America
163,Mali,32625.0,742.0,,31591.0,292.0,,1519.0,35.0,759178.0,35354.0,21473764.0,MLI,Sub-Saharan Africa,1240000,9.5,0.0,-0.33,116.79,900.0,46.4,6.4,3.82,0.03,96.15,2.0,49.82,16.89,0.45,0.17,0.38,Africa
164,Cayman Islands,30661.0,32.0,,8553.0,22076.0,1.0,455743.0,476.0,222773.0,3311280.0,67277.0,CYM,Latin Amer. & Carib,262,173.4,61.07,18.75,8.19,35000.0,98.0,836.3,3.85,0.0,96.15,2.0,12.74,4.89,0.014,0.032,0.954,North America
165,Saint Lucia,29408.0,391.0,,28475.0,542.0,,158865.0,2112.0,210354.0,1136355.0,185113.0,LCA,Latin Amer. & Carib,616,273.5,25.65,-2.67,13.53,5400.0,67.0,303.3,6.56,22.95,70.49,2.0,19.68,5.08,0.07,0.2,0.73,North America
166,Benin,27638.0,163.0,,27322.0,153.0,5.0,2162.0,13.0,604310.0,47268.0,12784726.0,BEN,Sub-Saharan Africa,112620,69.8,0.11,0.0,85.0,1100.0,40.9,9.7,18.08,2.4,79.52,2.0,38.85,12.22,0.316,0.138,0.546,Africa
167,Somalia,27214.0,1352.0,,13182.0,12680.0,,1616.0,80.0,400466.0,23778.0,16841795.0,SOM,Sub-Saharan Africa,637657,13.9,0.47,5.37,116.7,500.0,37.8,11.3,1.67,0.04,98.29,1.0,45.13,16.63,0.65,0.1,0.25,Africa
168,Timor-Leste,23253.0,138.0,,23102.0,13.0,,16980.0,101.0,278529.0,203391.0,1369429.0,TLS,Asia (Ex. Near East),15007,70.8,4.7,0.0,47.41,500.0,58.6,,4.71,0.67,94.62,2.0,26.99,6.24,0.085,0.231,0.684,Asia
169,Burkina Faso,21631.0,387.0,,21143.0,101.0,,979.0,18.0,248995.0,11265.0,22102838.0,BFA,Sub-Saharan Africa,274200,50.7,0.0,0.0,97.57,1100.0,26.6,7.0,14.43,0.19,85.38,2.0,45.62,15.6,0.322,0.196,0.482,Africa
170,Solomon Islands,21544.0,153.0,,16357.0,5034.0,1.0,29874.0,212.0,5117.0,7096.0,721159.0,SLB,Oceania,28450,19.4,18.67,0.0,21.29,1700.0,,13.4,0.64,2.0,97.36,2.0,30.01,3.92,0.42,0.11,0.47,Oceania
171,San Marino,20763.0,118.0,,20524.0,121.0,4.0,609154.0,3462.0,157634.0,4624732.0,34085.0,SMR,Western Europe,61,479.5,0.0,10.98,5.73,34600.0,96.0,704.3,16.67,0.0,83.33,,10.02,8.17,,,,Europe
172,Gibraltar,20092.0,108.0,,16579.0,3405.0,,596131.0,3204.0,534283.0,15852213.0,33704.0,GIB,Western Europe,7,3989.7,171.43,0.0,5.13,17500.0,,877.7,0.0,0.0,100.0,,10.74,9.31,,,,Europe
173,Liechtenstein,19713.0,86.0,,19403.0,224.0,2.0,513533.0,2240.0,102174.0,2661682.0,38387.0,LIE,Western Europe,160,212.4,0.0,4.85,4.7,25000.0,100.0,585.5,25.0,0.0,75.0,4.0,10.21,7.18,0.06,0.39,0.55,Europe
174,Grenada,19536.0,237.0,,19248.0,51.0,4.0,172161.0,2089.0,179808.0,1584560.0,113475.0,GRD,Latin Amer. & Carib,344,260.8,35.17,-13.92,14.62,5000.0,98.0,364.5,5.88,29.41,64.71,2.0,22.08,6.88,0.054,0.18,0.766,North America
175,Nicaragua,18491.0,225.0,,4225.0,14041.0,,2728.0,33.0,,,6779100.0,NIC,Latin Amer. & Carib,129494,43.0,0.7,-1.22,29.11,2300.0,67.5,39.7,15.94,1.94,82.12,2.0,24.51,4.45,0.165,0.275,0.56,North America
176,Bermuda,18154.0,148.0,,17969.0,37.0,,293095.0,2389.0,1006083.0,16243126.0,61939.0,BMU,Northern America,53,1241.0,194.34,2.49,8.53,36000.0,98.0,851.4,20.0,0.0,80.0,2.0,11.4,7.74,0.01,0.1,0.89,North America
177,Tajikistan,17786.0,125.0,,17264.0,397.0,,1786.0,13.0,,,9957464.0,TJK,C.W. Of Ind. States,143100,51.2,0.0,-2.86,110.76,1000.0,99.4,33.5,6.61,0.92,92.47,2.0,32.65,8.25,0.234,0.286,0.48,Asia
178,Equatorial Guinea,17012.0,183.0,,16690.0,139.0,5.0,11367.0,122.0,365697.0,244342.0,1496662.0,GNQ,Sub-Saharan Africa,28051,19.3,1.06,0.0,85.13,2700.0,85.7,18.5,4.63,3.57,91.8,2.0,35.59,15.06,0.03,0.906,0.062,Africa
179,Tonga,16182.0,12.0,,15638.0,532.0,,150182.0,111.0,535009.0,4965327.0,107749.0,TON,Oceania,748,153.3,56.02,0.0,12.62,2200.0,98.5,97.7,23.61,43.06,33.33,2.0,25.37,5.28,0.23,0.27,0.5,Oceania
180,Samoa,15925.0,29.0,,1605.0,14291.0,4.0,78743.0,143.0,187397.0,926612.0,202239.0,WSM,Oceania,2944,60.1,13.69,-11.7,27.71,5600.0,99.7,75.2,21.2,24.38,54.42,2.0,16.43,6.62,0.114,0.584,0.302,Oceania
181,Dominica,15747.0,74.0,,15651.0,22.0,,217668.0,1023.0,228799.0,3162653.0,72344.0,DMA,Latin Amer. & Carib,754,91.4,19.63,-13.87,14.15,5400.0,94.0,304.8,6.67,20.0,73.33,2.0,15.27,6.73,0.177,0.328,0.495,North America
182,Djibouti,15690.0,189.0,,15427.0,74.0,,15441.0,186.0,305941.0,301094.0,1016097.0,DJI,Sub-Saharan Africa,23000,21.2,1.37,0.0,104.13,1300.0,67.9,22.8,0.04,0.0,99.96,1.0,39.53,19.31,0.179,0.225,0.596,Africa
183,Marshall Islands,15275.0,17.0,,15166.0,92.0,22.0,254342.0,283.0,,,60057.0,MHL,Oceania,11854,5.1,3.12,-6.04,29.45,1600.0,93.7,91.2,16.67,38.89,44.44,2.0,33.05,4.78,0.317,0.149,0.534,Oceania
184,Central African Republic,14913.0,113.0,,14520.0,280.0,2.0,2973.0,23.0,81294.0,16205.0,5016678.0,CAF,Sub-Saharan Africa,622984,6.9,0.0,0.0,91.0,1100.0,51.0,2.3,3.1,0.14,96.76,2.0,33.91,18.65,0.55,0.2,0.25,Africa
185,Monaco,14608.0,63.0,,14478.0,67.0,4.0,367192.0,1584.0,78646.0,1976875.0,39783.0,MCO,Western Europe,2,16271.5,205.0,7.75,5.43,27000.0,99.0,1035.6,0.0,0.0,100.0,,9.19,12.91,0.17,,,Europe
186,Gambia,12508.0,372.0,,12028.0,108.0,,4889.0,145.0,155686.0,60851.0,2558482.0,GMB,Sub-Saharan Africa,11300,145.3,0.71,1.57,72.02,1700.0,40.1,26.8,25.0,0.5,74.5,2.0,39.37,12.25,0.308,0.142,0.549,Africa
187,Greenland,11971.0,21.0,,2761.0,9189.0,4.0,210117.0,369.0,164926.0,2894810.0,56973.0,GRL,Northern America,2166086,0.0,2.04,-8.37,15.82,20000.0,,448.9,0.0,0.0,100.0,1.0,15.93,7.84,,,,North America
188,Yemen,11935.0,2157.0,,9124.0,654.0,23.0,383.0,69.0,329592.0,10579.0,31154867.0,YEM,Near East,527970,40.6,0.36,0.0,61.5,800.0,50.2,37.2,2.78,0.24,96.98,1.0,42.89,8.3,0.135,0.472,0.393,Asia
189,Vanuatu,11930.0,14.0,,11894.0,22.0,,37069.0,44.0,24976.0,77606.0,321832.0,VUT,Oceania,12200,17.1,20.72,0.0,55.16,2900.0,53.0,32.6,2.46,7.38,90.16,2.0,22.72,7.82,0.26,0.12,0.62,Oceania
190,Eritrea,10169.0,103.0,,10063.0,3.0,,2777.0,28.0,23693.0,6470.0,3662244.0,ERI,Sub-Saharan Africa,121320,39.5,1.84,0.0,74.87,700.0,58.6,7.9,4.95,0.03,95.02,1.5,34.33,9.6,0.102,0.254,0.643,Africa
191,Niger,9931.0,312.0,,8890.0,729.0,1.0,381.0,12.0,254538.0,9759.0,26083660.0,NER,Sub-Saharan Africa,1267000,9.9,0.0,-0.67,121.69,800.0,17.6,1.9,3.54,0.01,96.45,1.0,50.73,20.91,0.39,0.17,0.44,Africa
192,Micronesia,9759.0,29.0,,157.0,9573.0,1.0,83063.0,247.0,21923.0,186596.0,117489.0,FSM,Oceania,702,153.9,870.66,-20.99,30.21,2000.0,89.0,114.8,5.71,45.71,48.58,2.0,24.68,4.75,0.289,0.152,0.559,Oceania
193,Antigua and Barbuda,9098.0,146.0,,8923.0,29.0,1.0,91429.0,1467.0,18901.0,189943.0,99509.0,ATG,Latin Amer. & Carib,443,156.0,34.54,-6.15,19.46,11000.0,89.0,549.9,18.18,4.55,77.27,2.0,16.93,5.37,0.038,0.22,0.743,North America
194,Guinea-Bissau,8796.0,175.0,,8301.0,320.0,6.0,4263.0,85.0,145231.0,70385.0,2063367.0,GNB,Sub-Saharan Africa,36120,39.9,0.97,-1.57,107.17,800.0,42.4,7.4,10.67,8.82,80.51,2.0,37.22,16.53,0.62,0.12,0.26,Africa
195,Comoros,8471.0,161.0,,8305.0,5.0,,9335.0,177.0,,,907419.0,COM,Sub-Saharan Africa,2170,318.4,15.67,0.0,74.93,700.0,56.5,24.5,35.87,23.32,40.81,2.0,36.93,8.2,0.4,0.04,0.56,Africa
196,Liberia,7961.0,294.0,,7636.0,31.0,2.0,1501.0,55.0,139824.0,26356.0,5305117.0,LBR,Sub-Saharan Africa,111370,27.3,0.52,0.0,128.87,1000.0,57.5,2.3,3.95,2.28,93.77,2.0,44.77,23.1,0.769,0.054,0.177,Africa
197,Sierra Leone,7751.0,126.0,,,,,933.0,15.0,259958.0,31296.0,8306436.0,SLE,Sub-Saharan Africa,71740,83.7,0.56,0.0,143.64,500.0,31.4,4.0,6.98,0.89,92.13,2.0,45.76,23.03,0.49,0.31,0.21,Africa
198,Chad,7583.0,193.0,,4874.0,2516.0,,435.0,11.0,191341.0,10988.0,17413580.0,TCD,Sub-Saharan Africa,1284000,7.7,0.0,-0.11,93.82,1200.0,47.5,1.3,2.86,0.02,97.12,2.0,45.73,16.38,0.335,0.259,0.406,Africa
199,Saint Kitts and Nevis,6541.0,46.0,,6482.0,13.0,,121420.0,854.0,124861.0,2317778.0,53871.0,KNA,Latin Amer. & Carib,261,149.9,51.72,-7.11,14.49,8800.0,97.0,638.9,19.44,2.78,77.78,2.0,18.02,8.33,0.035,0.258,0.707,North America
200,Cook Islands,6389.0,1.0,,6384.0,4.0,,363610.0,57.0,19690.0,1120596.0,17571.0,COK,Oceania,240,89.1,50.0,,,5000.0,95.0,289.9,17.39,13.04,69.57,2.0,21.0,,0.151,0.096,0.753,Oceania
201,Turks and Caicos,6380.0,36.0,,6321.0,23.0,4.0,160539.0,906.0,550093.0,13841952.0,39741.0,TCA,Latin Amer. & Carib,430,49.2,90.47,11.68,15.67,9600.0,98.0,269.5,2.33,0.0,97.67,2.0,21.84,4.21,,,,North America
202,Sao Tome and Principe,6230.0,77.0,,6132.0,21.0,,27363.0,338.0,29036.0,127530.0,227679.0,STP,Sub-Saharan Africa,1001,193.2,20.88,-2.72,43.11,1200.0,79.3,36.2,6.25,48.96,44.79,2.0,40.25,6.47,0.167,0.148,0.684,Africa
203,Palau,5460.0,6.0,,5444.0,10.0,1.0,299457.0,329.0,64681.0,3547469.0,18233.0,PLW,Oceania,458,44.9,331.66,2.85,14.84,9000.0,92.0,325.6,8.7,4.35,86.95,2.0,18.03,6.8,0.062,0.12,0.818,Oceania
204,Nauru,4611.0,1.0,,4605.0,5.0,,422911.0,92.0,20509.0,1881042.0,10903.0,NRU,Oceania,21,632.7,142.86,0.0,9.95,5000.0,,143.0,0.0,0.0,100.0,2.0,24.76,6.7,,,,Oceania
205,Anguilla,3865.0,12.0,,3848.0,5.0,4.0,253775.0,788.0,51382.0,3373736.0,15230.0,AIA,Latin Amer. & Carib,102,132.1,59.8,10.76,21.03,8600.0,95.0,460.0,0.0,0.0,100.0,2.0,14.17,5.34,0.04,0.18,0.78,North America
206,Kiribati,3430.0,13.0,,2703.0,714.0,3.0,27792.0,105.0,,,123419.0,KIR,Oceania,811,130.0,140.94,0.0,48.52,800.0,,42.7,2.74,50.68,46.58,2.0,30.65,8.26,0.089,0.242,0.668,Oceania
207,Saint Pierre and Miquelon,3188.0,1.0,,2449.0,738.0,1.0,553568.0,174.0,24902.0,4324015.0,5759.0,SPM,Northern America,242,29.0,49.59,-4.86,7.54,6900.0,99.0,683.2,13.04,0.0,86.96,,13.52,6.83,,,,North America
208,Montserrat,1396.0,8.0,,1353.0,35.0,,281168.0,1611.0,17579.0,3540584.0,4965.0,MSR,Latin Amer. & Carib,102,92.5,39.22,0.0,7.35,3400.0,97.0,,20.0,0.0,80.0,2.0,17.59,7.1,,,,North America
209,"Saint Helena, Ascension and Tristan da Cunha",1355.0,,,2.0,1353.0,,221586.0,,,,6115.0,SHN,Sub-Saharan Africa,413,18.2,14.53,0.0,19.0,2500.0,97.0,293.3,12.9,0.0,87.1,,12.13,6.53,,,,Africa
210,Macao,793.0,6.0,,787.0,0.0,,1188.0,9.0,7850.0,11760.0,667490.0,MAC,Asia (Ex. Near East),28,16183.0,146.43,4.86,4.39,19400.0,94.5,384.9,0.0,0.0,100.0,2.0,8.48,4.47,0.001,0.072,0.927,Asia
211,Wallis and Futuna,761.0,7.0,,438.0,316.0,,69295.0,637.0,20508.0,1867419.0,10982.0,WLF,Oceania,274,58.5,47.08,,,3700.0,50.0,118.6,5.0,25.0,70.0,2.0,,,,,,Oceania
212,Tuvalu,20.0,,,,20.0,,1658.0,,,,12066.0,TUV,Oceania,26,454.2,92.31,0.0,20.03,1100.0,,59.3,0.0,0.0,100.0,2.0,22.18,7.11,0.166,0.272,0.562,Oceania
213,Western Sahara,10.0,1.0,,9.0,0.0,,16.0,2.0,,,626161.0,ESH,Northern Africa,266000,1.0,0.42,,,,,,0.02,0.0,99.98,1.0,,,,,0.4,Africa
